Período,Concentración (%)
Últimos 6 meses,16.666666666666664
Semestre anterior,17.359050445103858
Variación porcentual,-3.9886039886040026
